title,absoluteUrl,Category
학사공지,https://home.sch.ac.kr/sch/06/010200.jsp,대학공지
취업정보,https://home.sch.ac.kr/sch/06/020000.jsp,대학공지
대학공지,https://home.sch.ac.kr/sch/06/010100.jsp,대학공지
입찰공고,https://home.sch.ac.kr/sch/06/030000.jsp,대학공지
COVID19공지,https://home.sch.ac.kr/sch/06/090000.jsp,대학공지
장학공지,https://home.sch.ac.kr/sch/06/010300.jsp,대학공지
미디어커뮤니케이션학과,https://home.sch.ac.kr/mediacomm,학과
경제금융학과,https://home.sch.ac.kr/eco,학과
에너지공학과,https://home.sch.ac.kr/energyeng,학과
탄소중립학과,https://home.sch.ac.kr/carbon,학과
사물인터넷학과,https://home.sch.ac.kr/iot,학과
컴퓨터소프트웨어공학과,https://home.sch.ac.kr/csw,학과
스포츠과학과,https://home.sch.ac.kr/sports,학과
행정학과,https://home.sch.ac.kr/pa,학과
중국학과,https://home.sch.ac.kr/china,학과
의공학과,https://home.sch.ac.kr/bme,학과
사회복지학과,https://home.sch.ac.kr/welfare,학과
회계학과,https://home.sch.ac.kr/acctg,학과
디지털애니메이션학과,https://home.sch.ac.kr/animation,학과
유아교육과,https://home.sch.ac.kr/childedu,학과
디스플레이신소재공학과,https://home.sch.ac.kr/display,학과
생명과학과,https://home.sch.ac.kr/biology,학과
공연영상학과,https://home.sch.ac.kr/film,학과
의생명융합학부 헬스케어융합전공,https://home.sch.ac.kr/healthcare,학과
스마트모빌리티공학과,https://home.sch.ac.kr/mobility,학과
기계공학과,https://home.sch.ac.kr/mech,학과
글로벌문화산업학과,https://home.sch.ac.kr/cultureindustry/,학과
영미학과,https://home.sch.ac.kr/eng,학과
사회체육학과,https://home.sch.ac.kr/leisuresports,학과
스마트팩토리공학과,https://home.sch.ac.kr/factory,학과
국제통상학과,https://home.sch.ac.kr/schtrade,학과
에너지환경공학과,https://home.sch.ac.kr/envir,학과
의료IT공학과,https://home.sch.ac.kr/schmite,학과
임상병리학과,https://home.sch.ac.kr/schbmls,학과
경찰행정학과,https://home.sch.ac.kr/police,학과
의료생명공학과,https://home.sch.ac.kr/medibio,학과
건축학과,https://home.sch.ac.kr/arch,학과
식품영양학과,https://home.sch.ac.kr/fsn,학과
IT금융경영학과,https://home.sch.ac.kr/fm,학과
융합바이오화학공학과,https://home.sch.ac.kr/bio-chem,학과
청소년교육상담학과,https://home.sch.ac.kr/youth,학과
정보통신공학과,https://home.sch.ac.kr/infocom,학과
의약공학과,https://home.sch.ac.kr/pharmen,학과
AI빅데이터학과,https://home.sch.ac.kr/aibigdata,학과
전자공학과,https://home.sch.ac.kr/electronic,학과
관광경영학과,https://home.sch.ac.kr/tourism,학과
환경보건학과,https://home.sch.ac.kr/ehs,학과
특수교육과,https://home.sch.ac.kr/spedu,학과
정보보보학과,https://home.sch.ac.kr/security,학과
화학과,https://home.sch.ac.kr/chem,학과
메타버스&게임학과,https://home.sch.ac.kr/meta-game,학과
스마트자동차학과,https://home.sch.ac.kr/sc,학과
스포츠의학과,https://home.sch.ac.kr/schsm/,학과
전자정보공학과,https://home.sch.ac.kr/sdisplay,학과
간호학과,https://home.sch.ac.kr/nursing,학과
법학과,https://home.sch.ac.kr/law,학과
컴퓨터공학과,https://home.sch.ac.kr/xe,학과
의예과,https://home.sch.ac.kr/premedicine,학과
나노화학공학과,https://home.sch.ac.kr/nano,학과
보건행정경영학과,https://home.sch.ac.kr/dham,학과
의생명융합학부 바이오의약전공,https://home.sch.ac.kr/advanced,학과
경영학과,https://home.sch.ac.kr/mgt,학과
작업치료학과,https://home.sch.ac.kr/ot,학과
한국문화콘텐츠학과,https://home.sch.ac.kr/content,학과
전기공학과,https://home.sch.ac.kr/ecs,학과
대학일자리플러스센터(I'Design),http://id.sch.ac.kr,센터
SRC센터(생활관),http://src.sch.ac.kr/,센터
학사팀,http://homepage.sch.ac.kr/gyomu,센터
SW중심대학사업단,https://home.sch.ac.kr/sw/,센터
원격교육지원센터,https://eclass.sch.ac.kr,센터
국제교육교류처,http://sgee.sch.ac.kr,센터
인권센터,http://hrc.sch.ac.kr,센터
심리건강상담센터,https://home.sch.ac.kr/counsel,센터
보건센터,https://homepage.sch.ac.kr/healthsc/01/01_01.jsp,센터
공학교육혁신센터,https://home.sch.ac.kr/icee,센터
중앙도서관,https://library.sch.ac.kr,센터
향설나눔대학,https://home.sch.ac.kr/nanum,센터
